{"rape seed": [0.2681066302156471, 0.8589877701534321, 0.48161148031848566, 0.6068988335268567, 0.2708639181287242, 0.8887369327554067, 0.2996197714201303, 0.3183204784265723, 0.8869104593386634, 0.4345293273975583, 0.8792359334735796, 0.34509408634925326, 0.8861563070703053, 0.38378089528362264], "soybean seed, for sowing": [0.015444050251155441, 0.0024800014713066694], "soybean oil, refined": [0.31393213416735294, 0.001480826767376548, 0.0010478221458584255], "cow milk": [0.44565917545384154, 0.6116058667438344, 0.5060506448027102], "fish block, hake": [0.9835546764336318, 0.9836019918210093], "strawberry seedling, for planting": [0.9988707734985238, 0.9988971975834202, 0.9734235660405438, 0.9988223502550213, 0.9952001540520989], "spray-drying of milk": [0.9981210371357714, 0.9983496622419188], "sugar, from sugarcane": [0.26579601205670383, 0.05534814056009618, 0.43388633675507177, 0.016765351798072186], "rape seed, organic, for sowing": [0.0013797094584484595, 0.021201503066518444], "rape seed, for sowing": [0.016705945170267245, 0.00106563869340725], "rape seed, organic": [0.6050826830390883, 0.46655251263126385, 0.43964893756615087], "sugar beet seed, for sowing": [0.028191470509958873], "cottonseed, for sowing": [0.06095753970035611, 0.06791203105462788], "wheat flour": [0.012584281063128007, 0.029503946244874422], "maize starch": [0.33333552434928093, 1.0, 1.0, 1.0, 1.0, 0.2908243491866134], "grass seed, organic, for sowing": [0.4327418933474202, 0.620117843476824], "wheat flour mix": [0.025381963063150437, 0.07004826062710524], "cottonseed": [0.00011512255997136092, 0.00011908228427154171, 0.03989245268005746], "wheat seed, Swiss integrated production, for sowing": [0.0016952638005019714], "soybean seed, organic, for sowing": [0.05154821241675572, 0.0038266659063912376], "rape seed, Swiss integrated production": [0.5260467562883906, 0.5838801029144521], "fishmeal plant": [0.0, 0.0], "molasses, from sugar beet": [0.11437107687913146, 0.33782128562684577], "landed anchovy, fresh": [0.776946389066728, 0.9124258706073837, 0.7254806760952356, 0.7755978422142799], "sunflower seed": [0.33633248573961416, 0.27156796414131545, 0.2956978718457918, 0.4815674119358851, 0.09299615757964083, 0.3321816687428184], "evaporation of milk": [0.9859377553131294, 0.9928961213003722], "rice seed, for sowing": [0.00898608720576102, 0.0134374548805668], "fruit tree seedling, for planting": [0.12962871135700957, 0.47060618735889664], "cottonseed, organic, for sowing": [0.22275234115936876, 0.28053881905429146], "cream, from cow milk": [0.08969409818359722, 0.058428679890840315], "rye seed, Swiss integrated production, for sowing": [0.0021375879006627677], "maize seed, Swiss integrated production, for sowing": [0.015252807259457966], "maize seed, for sowing": [0.020676100587458248], "butter, from cow milk": [0.045922654531655345, 0.028186525205036877], "protein, from grass": [0.5605832669287228], "linseed seed, at farm": [0.41801797925267, 0.5522417795241893], "wheat seed, for sowing": [0.021105154883970193], "sunflower seed, for sowing": [0.01743564759851884], "rye seed, for sowing": [0.023668904471009163], "barley seed, for sowing": [0.02414395828780623], "grass seed, Swiss integrated production, for sowing": [0.0010526378848638794], "potato seed, for setting": [0.15732301113055436], "cottonseed oil, refined": [0.002674833358063137, 0.0020658890769835554], "potato seed, Swiss integrated production, for setting": [0.01324023085982747], "clover seed, Swiss integrated production, for sowing": [0.001175131792318278], "barley seed, Swiss integrated production, for sowing": [0.0018724692700965602], "skimmed milk, from cow milk": [0.028186525205036873, 0.045922654531655324], "oat seed, Swiss integrated production, at farm": [0.5333898957777682], "palm oil, refined": [0.0022300681098827457], "priorities": {"palm date, organic": 4, "sunflower seed, for sowing": 5, "straw": 2, "grass fibre": 2, "sugar, from sugarcane": 5, "rye grain": 4, "palm oil, crude": 4, "rye seed, Swiss integrated production, for sowing": 5, "protein, from grass": 5, "cottonseed, organic": 4, "sugar beet": 4, "sugar beet pulp": 2, "flax plant, harvested": 4, "wheat grain": 4, "grass, Swiss integrated production": 4, "cow milk": 1, "grass seed, Swiss integrated production, for sowing": 5, "linseed seed, at farm": 5, "rape seed": 5, "cottonseed oil, crude": 4, "rape seed, for sowing": 5, "soybean, Swiss integrated production": 4, "rape seed, organic": 5, "rice seed, for sowing": 5, "rye seed, for sowing": 5, "fishmeal plant": 5, "sugarcane": 5, "maize grain": 4, "maize silage": 2, "sunflower seed": 5, "potato seed, at farm": 4, "oat seed, Swiss integrated production, at farm": 5, "grass seed, organic, for sowing": 5, "potato": 4, "cottonseed, for sowing": 5, "palm oil, refined": 3, "maize starch": 3, "potato seed, for setting": 5, "maize chop": 4, "barley grain, feed": 2, "potato seed, Swiss integrated production, for setting": 5, "soybean seed, for sowing": 5, "vegetable oil, refined": 4, "protein concentrate, 8% in water, from whey": 2, "wheat seed, Swiss integrated production, for sowing": 5, "barley seed, Swiss integrated production, for sowing": 5, "maize seed, Swiss integrated production, for sowing": 5, "wheat flour": 3, "palm date": 4, "soybean meal": 2, "palm fruit bunch": 4, "cottonseed": 5, "hay": 2, "palm kernel meal": 2, "soybean": 4, "soybean, organic": 4, "wheat grain, feed": 2, "wheat seed, for sowing": 5, "strawberry seedling, for planting": 5, "soybean oil, crude": 4, "sugar, from sugar beet": 4, "fish oil, from anchovy": 4, "seed-cotton": 4, "oat grain": 4, "energy feed, gross": 2, "cottonseed, organic, for sowing": 5, "flax husks": 2, "rape seed, organic, for sowing": 5, "fish block, hake": 3, "evaporation of milk": 5, "fruit tree seedling, for planting": 5, "sugar beet seed, for sowing": 5, "cream, from cow milk": 1, "Distiller's Dried Grains with Solubles": 2, "soybean oil, refined": 3, "alfalfa-grass silage": 2, "soybean seed, organic, for sowing": 5, "wheat bran": 2, "skimmed milk, from cow milk": 1, "cottonseed meal": 2, "molasses, from sugar beet": 5, "maize grain, feed": 2, "fodder yeast": 2, "barley seed, for sowing": 5, "rape meal": 2, "potato seed, Swiss integrated production, at farm": 4, "maize seed, for sowing": 5, "protein feed, 100% crude": 2, "wheat flour mix": 3, "spray-drying of milk": 5, "soybean, feed": 2, "clover seed, Swiss integrated production, for sowing": 5, "barley grain": 4, "butter, from cow milk": 0, "rape seed, Swiss integrated production": 5, "landed anchovy, fresh": 3, "sweet sorghum grain": 2, "strawberry": 4, "seed-cotton, organic": 4, "cottonseed oil, refined": 3, "Feed": 2, "Crops": 4},