{"priorities": {"wheat grain": 1, "potato seed, at farm": 1, "potato": 1, "oat grain": 1, "maize grain": 1, "barley grain": 1, "flax plant, harvested": 1, "soybean oil, crude": 1, "sugar beet": 1, "grass, Swiss integrated production": 1, "soybean": 1, "sugar, from sugar beet": 1, "rye grain": 1, "fish oil, from anchovy": 1, "vegetable oil, refined": 1, "maize chop": 1, "potato seed, Swiss integrated production, at farm": 1, "cottonseed, organic": 1, "strawberry": 1, "soybean, organic": 1, "cottonseed oil, crude": 1, "seed-cotton, organic": 1, "palm oil, crude": 1, "palm date": 1, "soybean, Swiss integrated production": 1, "seed-cotton": 1, "palm date, organic": 1}, "wheat grain": [0.8975795712190956, 0.8345017272702921, 0.2395672304964976, 0.27832237404365584, 0.4693751526950533, 0.220970899682983, 0.4280286341395878, 0.8874258471324323, 0.20442720007429985, 0.8872510720261103, 0.3229207312058807, 0.5990293351154169, 0.25976982224682993, 0.37184091078010795, 0.8505292336044704, 0.37567793885236356, 0.0, 0.2758247047354597, 0.8678685455203754, 0.2947249182646176, 0.3232117124807899, 0.4207044235844628], "potato seed, at farm": [0.3219953280083847], "potato": [0.4878737089731829, 0.3177647705311221, 0.1707936309833251, 0.34837282491730776, 0.24071889195391205, 0.32461444810596013, 0.34693921233663033, 0.3078736147027427, 0.32460860404791186, 0.3764760087725431, 0.1757774612771949, 0.36349385851395677, 0.25464957283582274, 0.2030706151631252, 0.33768445782000817, 0.20508540754603588], "oat grain": [0.17548679689061517, 0.7397850003992574, 0.82992464697184, 0.821996241969538, 0.6216664791327369, 0.8298591427715759, 0.6705291212848922, 0.5062909960290083, 0.3308746626956148, 0.20873055431711957, 0.8424529676698108, 0.36659891854470916, 0.17653966768430013], "maize grain": [0.10651568676665783, 0.22580286170242994, 0.6903878995895024, 0.5399282068849421, 0.058143921281788705, 0.6461122817578252, 0.23477191315553494, 0.5657371640883089, 0.25625450490347873, 0.5781324444221899, 0.734832699193926, 0.17536983585699098, 0.8942241768008619, 0.5125519236422452, 0.21437372031214172, 0.06373892569208722, 0.3411309583093814, 0.625282212328426, 0.13835763884163374, 0.12710373437241415, 0.30006020902072394, 0.5026241827730209, 0.3374624660293251, 0.4683621258937188, 0.3750564101118936, 0.5184360761169775, 0.4531649730680488, 0.5091498080816399, 0.5078923886894624, 0.5302616276752585, 0.9003007330747981, 0.3098336853921911, 0.2694829111581964, 0.8555547022203138], "barley grain": [0.27969274742326117, 0.8533509355290324, 0.8764733353459806, 0.8638064443138757, 0.27045158647261125, 0.31518806476819183, 0.8796062634666378, 0.4540752261672956, 0.8730728890610182, 0.8713890286316066, 0.28620385068652743, 0.5768269087290063, 0.26405931354376544, 0.30559485845637396], "flax plant, harvested": [0.32909468007988835, 0.3372900688096736], "soybean oil, crude": [0.03387551771317024, 0.311647395763815, 0.07253095395242669, 0.05223417098692785, 0.009454527997887426, 0.016844178261339028], "sugar beet": [0.38187861185898225, 0.5233286311096713, 0.2975463286264353, 0.40920412159185116, 0.1681756393929481, 0.41568695024137003], "grass, Swiss integrated production": [0.5638641003904741, 0.5458189697369353, 0.24377184414595837], "soybean": [0.0826070043431909, 0.21265813963329372, 0.15674573437513942, 0.15003351762681014, 0.01617194214594241, 0.14030670626133293, 0.1494194975825603, 0.23504337941942996, 0.35440136617698287, 0.12496996128893952, 0.12428312106522582, 0.13960961086909204, 0.4108220757059753, 0.9117297547358645, 0.19039088444140717, 0.08251520968392026, 0.1483787895273764, 0.5341750844439696, 0.15411025082537586, 0.14151941267823864, 0.28523583564276817, 0.07856613477756424, 0.16223886188113243, 0.16579006926074705], "sugar, from sugar beet": [0.1143710768791314, 0.3378212856268457], "rye grain": [0.25001945557759103, 0.22580062352216146, 0.23137214528303054, 0.25033696586847914, 0.27475572463447684], "fish oil, from anchovy": [0.42731016297454616, 0.5106388909260027, 0.5096710860893863, 0.4445802602558342, 0.4502975705484051, 0.6649472223698151, 0.3942312198781443, 0.6827895902672101], "vegetable oil, refined": [0.0, 0.0, 0.0], "maize chop": [0.11069854457915716, 0.05744312050077158], "potato seed, Swiss integrated production, at farm": [0.3300522214314757], "cottonseed, organic": [0.0007855028090966426, 0.0008848197711167295], "strawberry": [0.11548621749674025, 0.6946238102765363, 0.05280658416081836, 0.06367129666659709, 0.9097641545258225, 0.0552175365901737, 0.8520150359947509], "soybean, organic": [0.31050051173894605, 0.2806530589775019], "cottonseed oil, crude": [0.02492451721432719, 0.049179865284525955], "seed-cotton, organic": [0.9342897119441526, 0.3900442424328927], "palm oil, crude": [0.002481327324293701, 0.006637566914018614], "palm date": [0.7702465972073973], "soybean, Swiss integrated production": [0.35810278924594197], "seed-cotton": [0.6427403554630838, 0.3594582649952267, 0.6077055917643774], "palm date, organic": [0.8764905639726518]}