{"priorities": {"energy feed, gross": 1, "protein feed, 100% crude": 1, "straw": 1, "wheat grain, feed": 1, "sugar beet pulp": 1, "soybean meal": 1, "grass fibre": 1, "maize silage": 1, "palm kernel meal": 1, "rape meal": 1, "Distiller's Dried Grains with Solubles": 1, "maize grain, feed": 1, "hay": 1, "sweet sorghum grain": 1, "wheat bran": 1, "cottonseed meal": 1, "soybean, feed": 1, "alfalfa-grass silage": 1, "protein concentrate, 8% in water, from whey": 1, "fodder yeast": 1, "barley grain, feed": 1, "flax husks": 1}, "energy feed, gross": [0.11069854457915715, 1.0, 0.0, 0.0, 1.0, 0.0, 0.0, 0.03977535999983512, 0.0, 0.01258428106312801, 0.0, 0.0, 0.0, 0.0, 0.0574431205007716, 0.0, 0.0, 0.0, 0.0, 0.0, 1.0, 0.0, 0.0, 0.03369264332821321, 0.0, 0.0, 1.0, 0.0, 0.0, 0.0, 0.0, 0.02950394624487443, 0.0, 0.0, 0.0, 0.0, 0.0, 0.0, 0.0, 0.0, 0.0, 0.0, 0.0], "protein feed, 100% crude": [0.0, 0.0, 0.0, 0.0, 1.0, 0.0, 0.0, 0.0, 0.0, 0.0, 0.0, 1.0, 0.016844178261339028, 0.0, 0.0, 0.06530644501328928, 0.0, 0.0, 0.0, 0.0, 0.0, 0.6672129983923762, 0.0, 0.03369264332821321, 0.0, 0.1308773410828421, 0.0, 0.0, 1.0, 0.0, 0.0, 0.0, 0.7040364725738039, 0.0, 0.0, 0.365240759826897, 0.0, 1.0, 0.0, 0.0, 0.5568965673801483, 0.0, 0.03977535999983511, 0.0, 0.0522341709869279, 0.5319705339281385], "straw": [0.25033696586847903, 0.2747557246344768, 0.3756779388523638, 0.22580062352216143, 0.23877849295520864, 0.22097089968298317, 0.2358687889859841, 0.20442720007429974, 0.2185675968645433, 0.7182336207363066, 0.3079295747385241, 0.4262848561438525, 0.17548679689061514, 0.4013932167532807, 0.20873055431711954, 0.22343450139357568, 0.33214789922447036, 0.41713340482156835, 0.2211416989697959, 0.3510589868363681, 0.36659891854470905, 0.26405931354376544, 0.17653966768430018, 0.6653408724688349, 0.25001945557759087, 0.25976982224683004, 0.2783223740436558, 0.23956723049649756, 0.2313721452830304, 0.21074746428120764, 0.42802863413958797, 0.4066007507691298, 0.41009082575124883, 0.33087466269561483, 0.37184091078010767, 0.2704515864726113, 0.4115281423640884, 0.2947249182646177, 0.28620385068652754], "wheat grain, feed": [0.03816027280925212, 0.3510589868363681, 0.30792957473852406, 0.015751132466358286, 0.3321478992244703], "sugar beet pulp": [0.3378212856268456, 0.3611218710787195, 0.18199549398847392, 0.11437107687913145], "soybean meal": [0.311647395763815, 0.052234170986927876, 0.07253095395242669, 0.03387551771317027, 0.009454527997887426, 0.016844178261339018], "grass fibre": [0.5605832669287226, 0.36524075982689697], "maize silage": [0.387218419022713, 0.32308736501271923, 0.4961640936698687, 0.37046254219498376, 0.5372493480113608, 0.6704871686952693, 0.40598165615471354], "palm kernel meal": [0.0024813273242937, 0.006637566914018616], "rape meal": [0.0420193915370328, 0.0016539871504015111, 0.05051092464507531], "Distiller's Dried Grains with Solubles": [0.3756504284220195, 0.4242273165423687, 0.2784804133998988, 0.2621104878995297, 0.30665679663972795, 0.1945648462175943], "maize grain, feed": [0.14525718206346835, 0.048462857646027355, 0.10682873581728389], "hay": [0.6009110160903265, 0.45243636032030354], "sweet sorghum grain": [0.22505117611807468, 0.29908229641493583], "wheat bran": [0.02950394624487443, 0.012584281063128002], "cottonseed meal": [0.0249245172143272, 0.04917986528452599], "soybean, feed": [0.06425524904700529, 0.008401693388884513], "alfalfa-grass silage": [0.6246170397540474, 0.6475711649931357, 0.6316158470685795], "protein concentrate, 8% in water, from whey": [0.13654952309050195, 0.054670959329849354], "fodder yeast": [0.13654952309050197, 0.054670959329849375], "barley grain, feed": [0.04359648255724346, 0.020680712741229696], "flax husks": [0.13700786246617871, 0.2612551231938612]}