{"pig iron": [0.7759967104423339, 0.6408080300396504, 0.9970643641796034, 0.709765585017397, 0.7100266218648444], "iron pellet": [0.6485197079472326, 0.7215659562914465, 0.3021701078704506], "reinforcing steel": [0.3931871641641802, 0.04177198948359562], "iron ore concentrate": [0.11984368651169297, 0.6236396056971276, 0.7759967104423339, 0.5779447875849157, 0.9450623594357479, 0.823396931229896, 0.7504426955277991, 0.6060277348731141, 0.5896590198151652], "steel, low-alloyed": [0.2900271276421554, 0.38090523370526835, 0.4404058412000961, 0.2612705829480234, 0.29080151664818776, 0.4302482919045176, 0.04480519791433762, 0.5286726413160997, 0.034770136017438454], "hot rolling, steel": [0.4478954889539262, 0.4870277427974179, 0.5749623912054972], "ferrosilicon": [0.9276683631799656, 0.9051162209538394], "sheet rolling, steel": [0.5284894483659626, 0.418188932078025], "ferromanganese, high-coal, 74.5% Mn": [0.34328616501211023, 0.25168006783871744], "sponge iron": [0.7767465531632263], "ferronickel": [0.9079116686438615, 0.6537826808939574], "ferrochromium, high-carbon, 68% Cr": [0.9592667945488749, 0.9663397673537568], "cast iron": [0.10081737815854876, 0.17821130419980227], "priorities": {"palm date, organic": 4, "sunflower seed, for sowing": 5, "straw": 2, "grass fibre": 2, "sugar, from sugarcane": 5, "rye grain": 4, "palm oil, crude": 4, "rye seed, Swiss integrated production, for sowing": 5, "protein, from grass": 5, "cottonseed, organic": 4, "sugar beet": 4, "sugar beet pulp": 2, "flax plant, harvested": 4, "wheat grain": 4, "grass, Swiss integrated production": 4, "cow milk": 1, "grass seed, Swiss integrated production, for sowing": 5, "linseed seed, at farm": 5, "rape seed": 5, "cottonseed oil, crude": 4, "rape seed, for sowing": 5, "soybean, Swiss integrated production": 4, "rape seed, organic": 5, "rice seed, for sowing": 5, "rye seed, for sowing": 5, "fishmeal plant": 5, "sugarcane": 5, "maize grain": 4, "maize silage": 2, "sunflower seed": 5, "potato seed, at farm": 4, "oat seed, Swiss integrated production, at farm": 5, "grass seed, organic, for sowing": 5, "potato": 4, "cottonseed, for sowing": 5, "palm oil, refined": 3, "maize starch": 3, "potato seed, for setting": 5, "maize chop": 4, "barley grain, feed": 2, "potato seed, Swiss integrated production, for setting": 5, "soybean seed, for sowing": 5, "vegetable oil, refined": 4, "protein concentrate, 8% in water, from whey": 2, "wheat seed, Swiss integrated production, for sowing": 5, "barley seed, Swiss integrated production, for sowing": 5, "maize seed, Swiss integrated production, for sowing": 5, "wheat flour": 3, "palm date": 4, "soybean meal": 2, "palm fruit bunch": 4, "cottonseed": 5, "hay": 2, "palm kernel meal": 2, "soybean": 4, "soybean, organic": 4, "wheat grain, feed": 2, "wheat seed, for sowing": 5, "strawberry seedling, for planting": 5, "soybean oil, crude": 4, "sugar, from sugar beet": 4, "fish oil, from anchovy": 4, "seed-cotton": 4, "oat grain": 4, "energy feed, gross": 2, "cottonseed, organic, for sowing": 5, "flax husks": 2, "rape seed, organic, for sowing": 5, "fish block, hake": 3, "evaporation of milk": 5, "fruit tree seedling, for planting": 5, "sugar beet seed, for sowing": 5, "cream, from cow milk": 1, "Distiller's Dried Grains with Solubles": 2, "soybean oil, refined": 3, "alfalfa-grass silage": 2, "soybean seed, organic, for sowing": 5, "wheat bran": 2, "skimmed milk, from cow milk": 1, "cottonseed meal": 2, "molasses, from sugar beet": 5, "maize grain, feed": 2, "fodder yeast": 2, "barley seed, for sowing": 5, "rape meal": 2, "potato seed, Swiss integrated production, at farm": 4, "maize seed, for sowing": 5, "protein feed, 100% crude": 2, "wheat flour mix": 3, "spray-drying of milk": 5, "soybean, feed": 2, "clover seed, Swiss integrated production, for sowing": 5, "barley grain": 4, "butter, from cow milk": 0, "rape seed, Swiss integrated production": 5, "landed anchovy, fresh": 3, "sweet sorghum grain": 2, "strawberry": 4, "seed-cotton, organic": 4, "cottonseed oil, refined": 3}}