{"butter production, from cow milk - GLO":[6.98042e+163,2.38745e+124,8.72184e+104,1.50636e+94,1.32139e+68,544011],"butter production, from cream, from cow milk - GLO":[1.39643e+156,5.8665e+125,3.13484e+106,2.89885e+95,8.82323e+63,9],"reinforcing steel production - RoW":[5.35455e+157,1.64492e+119,1.70659e+104,3.70987e+96,2.64837e+66,245657],"reinforcing steel production - Europe without Austria":[1.72669e+170,1.5704e+123,1.31192e+101,1.01257e+88,2.65016e+63,122833],"reinforcing steel production - AT":[1.69203e+160,1.66584e+120,3.94023e+101,2.79243e+91,3.48373e+65,11845]}